{
  "lessons": [
    {
      "id": 0,
      "title": "lesson1",
      "task_list": [
        {
          "name": "task1",
          "stepic_id": 0,
          "task_files": {
            "task.py": {
              "name": "task.py",
              "text": "course_listing \u003d \"\"\"History of China meets Monday in room 200 at 12:45 with Dr. Chandler\nClassics 101 meets Monday in room 233 at 5:00 with Dr. Chang\nEuropean History meets Monday in room 442 at 9:00 with Dr. Montez\nClassics 200 meets Monday in room 442 at 9:30 with Dr. Khanna\nHistory 202 meets Tuesday in room 356 at 9:30 with Dr. Chang\nHistory 101 meets Tuesday in room 356 at 9:00 with Dr. Chandler\nLatin 202 meets Tuesday in room 200 at 9:00 with Dr. Chang\nHistory of China meets Wednesday in room 200 at 12:45 with Dr. Chandler\nClassics 101 meets Wednesday in room 233 at 5:00 with Dr. Chang\nEuropean History meets Wednesday in room 442 at 9:00 with Dr. Montez\nClassics 200 meets Wednesday in room 442 at 9:30 with Dr. Khanna\nHistory 202 meets Thursday in room 356 at 9:30 with Dr. Chang\nHistory 101 meets Thursday in room 356 at 9:00 with Dr. Chandler\nLatin 202 meets Thursday in room 200 at 9:00 with Dr. Chang\nHistory of China meets Friday in room 200 at 12:45 with Dr. Chandler\nClassics 101 meets Friday in room 233 at 5:00 with Dr. Chang\nEuropean History meets Friday in room 442 at 9:00 with Dr. Montez\nClassics 200 meets Friday in room 442 at 9:30 with Dr. Khanna\"\"\"\n\ncourse_listing_array \u003d type code to break text into list here\n",
              "placeholders": [
                {
                  "offset": 1204,
                  "length": 38,
                  "subtask_infos": {
                    "0": {
                      "hints": [
                        "course_listing.split(\"\\n\")"
                      ],
                      "possible_answer": "course_listing.split(\u0027\\n\u0027)",
                      "placeholder_text": "type code to break text into list here",
                      "has_frame": true,
                      "need_insert_text": false
                    }
                  }
                }
              ]
            }
          },
          "test_files": {
            "tests.py": "from test_helper import run_common_tests, failed, passed, get_answer_placeholders\n\n\ndef test_answer_placeholders():\n    placeholders \u003d get_answer_placeholders()\n    placeholder \u003d placeholders[0]\n    if placeholder \u003d\u003d \"\":  # TODO: your condition here\n        passed()\n    else:\n        failed()\n\n\nif __name__ \u003d\u003d \u0027__main__\u0027:\n    run_common_tests()\n    # test_answer_placeholders()       # TODO: uncomment test call\n\n\n"
          },
          "task_texts": {
            "task": "\n\n\u003cp\u003eAn administrator at your school has created \na course listing, but realized too late they\nmade all kinds of mistakes.\u003c/p\u003e\n\n\u003cp\u003eThey have double booked several rooms\nand also several professors. They dread having to go\nthrough and change everything by hand.\u003c/p\u003e\n\n\u003cp\u003eBut you told them with your excellent Python\nskills you can do it by writing a program.\u003c/p\u003e\n\n\u003cp\u003eThe first thing you have to do is to break\nthe course listing up into a list, where each\nitem in the list is one line.\u003c/p\u003e\n\n\u003cp\u003eYou can do this with the \n\u003cspan style\u003d\"font-family: monospace; color:blue; font-weight: bold\"\u003e\nsplit()\u003c/span\u003e function. \u003c/p\u003e"
          },
          "task_type": "pycharm"
        },
        {
          "name": "task2",
          "stepic_id": 0,
          "task_files": {
            "task.py": {
              "name": "task.py",
              "text": "course_listing \u003d \"\"\"History of China meets Monday in room 200 at 12:45 with Dr. Chandler\nClassics 101 meets Monday in room 233 at 5:00 with Dr. Chang\nEuropean History meets Monday in room 442 at 9:00 with Dr. Montez\nClassics 200 meets Monday in room 442 at 9:30 with Dr. Khanna\nHistory 202 meets Tuesday in room 356 at 9:30 with Dr. Chang\nHistory 101 meets Tuesday in room 356 at 9:00 with Dr. Chandler\nLatin 202 meets Tuesday in room 200 at 9:00 with Dr. Chang\nHistory of China meets Wednesday in room 200 at 12:45 with Dr. Chandler\nClassics 101 meets Wednesday in room 233 at 5:00 with Dr. Chang\nEuropean History meets Wednesday in room 442 at 9:00 with Dr. Montez\nClassics 200 meets Wednesday in room 442 at 9:30 with Dr. Khanna\nHistory 202 meets Thursday in room 356 at 9:30 with Dr. Chang\nHistory 101 meets Thursday in room 356 at 9:00 with Dr. Chandler\nLatin 202 meets Thursday in room 200 at 9:00 with Dr. Chang\nHistory of China meets Friday in room 200 at 12:45 with Dr. Chandler\nClassics 101 meets Friday in room 233 at 5:00 with Dr. Chang\nEuropean History meets Friday in room 442 at 9:00 with Dr. Montez\nClassics 200 meets Friday in room 442 at 9:30 with Dr. Khanna\"\"\"\n\ncourse_listing_array \u003d course_listing.split(\u0027\\n\u0027)\n\nlineNumber \u003d 0\nfor line in course_listing_array:\n    print(str(lineNumber) + \" \" +  line)\n    lineNumber \u003d lineNumber + 1\n",
              "placeholders": [
                {
                  "offset": 1251,
                  "length": 29,
                  "subtask_infos": {
                    "0": {
                      "hints": [
                        "loop through array with each array item in the variable line"
                      ],
                      "possible_answer": "type here",
                      "placeholder_text": "line in course_listing_array:",
                      "has_frame": true,
                      "need_insert_text": false
                    }
                  }
                }
              ]
            }
          },
          "test_files": {
            "tests.py": "from test_helper import run_common_tests, failed, passed, get_answer_placeholders\n\n\ndef test_answer_placeholders():\n    placeholders \u003d get_answer_placeholders()\n    placeholder \u003d placeholders[0]\n    if placeholder \u003d\u003d \"\":  # TODO: your condition here\n        passed()\n    else:\n        failed()\n\n\nif __name__ \u003d\u003d \u0027__main__\u0027:\n    run_common_tests()\n    # test_answer_placeholders()       # TODO: uncomment test call\n\n\n"
          },
          "task_texts": {
            "task": "Write task description here using markdown or html"
          },
          "task_type": "pycharm"
        },
        {
          "name": "task3",
          "stepic_id": 0,
          "task_files": {
            "task.py": {
              "name": "task.py",
              "text": "course_listing \u003d \"\"\"History of China meets Monday in room 200 at 12:45 with Dr. Chandler\nClassics 101 meets Monday in room 233 at 5:00 with Dr. Chang\nEuropean History meets Monday in room 442 at 9:00 with Dr. Montez\nClassics 200 meets Monday in room 442 at 9:30 with Dr. Khanna\nHistory 202 meets Tuesday in room 356 at 9:30 with Dr. Chang\nHistory 101 meets Tuesday in room 356 at 9:00 with Dr. Chandler\nLatin 202 meets Tuesday in room 200 at 9:00 with Dr. Chang\nHistory of China meets Wednesday in room 200 at 12:45 with Dr. Chandler\nClassics 101 meets Wednesday in room 233 at 5:00 with Dr. Chang\nEuropean History meets Wednesday in room 442 at 9:00 with Dr. Montez\nClassics 200 meets Wednesday in room 442 at 9:30 with Dr. Khanna\nHistory 202 meets Thursday in room 356 at 9:30 with Dr. Chang\nHistory 101 meets Thursday in room 356 at 9:00 with Dr. Chandler\nLatin 202 meets Thursday in room 200 at 9:00 with Dr. Chang\nHistory of China meets Friday in room 200 at 12:45 with Dr. Chandler\nClassics 101 meets Friday in room 233 at 5:00 with Dr. Chang\nEuropean History meets Friday in room 442 at 9:00 with Dr. Montez\nClassics 200 meets Friday in room 442 at 9:30 with Dr. Khanna\"\"\"\n\ncourse_listing_array \u003d course_listing.split(\u0027\\n\u0027)\n\nlineNumber \u003d 0\nfor line in course_listing:\n    if line.startswith(\"Classics\"):\n        line.replace(\u00279:30\u0027,\u002712:30\u0027)\n        print(line)\n",
              "placeholders": []
            }
          },
          "test_files": {
            "tests.py": "from test_helper import run_common_tests, failed, passed, get_answer_placeholders\n\n\ndef test_answer_placeholders():\n    placeholders \u003d get_answer_placeholders()\n    placeholder \u003d placeholders[0]\n    if placeholder \u003d\u003d \"\":  # TODO: your condition here\n        passed()\n    else:\n        failed()\n\n\nif __name__ \u003d\u003d \u0027__main__\u0027:\n    run_common_tests()\n    # test_answer_placeholders()       # TODO: uncomment test call\n\n\n"
          },
          "task_texts": {
            "task": "This is a description"
          },
          "task_type": "pycharm"
        },
        {
          "name": "task4",
          "stepic_id": 0,
          "task_files": {
            "task.py": {
              "name": "task.py",
              "text": "# TODO: type solution here\n",
              "placeholders": []
            }
          },
          "test_files": {
            "tests.py": "from test_helper import run_common_tests, failed, passed, get_answer_placeholders\n\n\ndef test_answer_placeholders():\n    placeholders \u003d get_answer_placeholders()\n    placeholder \u003d placeholders[0]\n    if placeholder \u003d\u003d \"\":  # TODO: your condition here\n        passed()\n    else:\n        failed()\n\n\nif __name__ \u003d\u003d \u0027__main__\u0027:\n    run_common_tests()\n    # test_answer_placeholders()       # TODO: uncomment test call\n\n\n"
          },
          "task_texts": {
            "task": "Write task description here using markdown or html"
          },
          "task_type": "pycharm"
        }
      ]
    },
    {
      "id": 0,
      "title": "PyCharm additional materials",
      "task_list": [
        {
          "name": "PyCharm additional materials",
          "stepic_id": 0,
          "task_files": {},
          "test_files": {
            "lesson1/task1/task_windows": "#educational_plugin_window \u003d type here\n",
            "test_helper.py": "import sys\n\n\ndef get_file_text(path):\n    \"\"\" Returns file text by path\"\"\"\n    file_io \u003d open(path, \"r\")\n    text \u003d file_io.read()\n    file_io.close()\n    return text\n\n\ndef get_file_output(encoding\u003d\"utf-8\", path\u003dsys.argv[-1], arg_string\u003d\"\"):\n    \"\"\"\n    Returns answer file output\n    :param encoding: to decode output in python3\n    :param path: path of file to execute\n    :return: list of strings\n    \"\"\"\n    import subprocess\n\n    proc \u003d subprocess.Popen([sys.executable, path], stdin\u003dsubprocess.PIPE, stdout\u003dsubprocess.PIPE,\n                            stderr\u003dsubprocess.STDOUT)\n    if arg_string:\n        for arg in arg_string.split(\"\\n\"):\n            proc.stdin.write(bytearray(str(arg) + \"\\n\", encoding))\n            proc.stdin.flush()\n\n    return list(map(lambda x: str(x.decode(encoding)), proc.communicate()[0].splitlines()))\n\n\ndef test_file_importable():\n    \"\"\" Tests there is no obvious syntax errors\"\"\"\n    path \u003d sys.argv[-1]\n    if not path.endswith(\".py\"):\n        import os\n\n        parent \u003d os.path.abspath(os.path.join(path, os.pardir))\n        python_files \u003d [f for f in os.listdir(parent) if os.path.isfile(os.path.join(parent, f)) and f.endswith(\".py\")]\n        for python_file in python_files:\n            if python_file \u003d\u003d \"tests.py\":\n                continue\n            check_importable_path(os.path.join(parent, python_file))\n        return\n    check_importable_path(path)\n\n\ndef check_importable_path(path):\n    \"\"\" Checks that file is importable.\n        Reports failure otherwise.\n    \"\"\"\n    saved_input \u003d patch_input()\n    try:\n        import_file(path)\n    except:\n        failed(\"The file contains syntax errors\", test_file_importable.__name__)\n        return\n    finally:\n        revert_input(saved_input)\n\n    passed(test_file_importable.__name__)\n\n\ndef patch_input():\n    def mock_fun(_m\u003d\"\"):\n        return \"mock\"\n\n    if sys.version_info[0] \u003d\u003d 3:\n        import builtins\n        save_input \u003d builtins.input\n        builtins.input \u003d mock_fun\n        return save_input\n    elif sys.version_info[0] \u003d\u003d 2:\n        import __builtin__\n        save_input \u003d __builtin__.raw_input\n        __builtin__.raw_input \u003d mock_fun\n        __builtin__.input \u003d mock_fun\n        return save_input\n\n\ndef revert_input(saved_input):\n    if sys.version_info[0] \u003d\u003d 3:\n        import builtins\n        builtins.input \u003d saved_input\n    elif sys.version_info[0] \u003d\u003d 2:\n        import __builtin__\n        __builtin__.raw_input \u003d saved_input\n        __builtin__.input \u003d saved_input\n\n\ndef import_file(path):\n    \"\"\" Returns imported file \"\"\"\n    if sys.version_info[0] \u003d\u003d 2 or sys.version_info[1] \u003c 3:\n        import imp\n\n        return imp.load_source(\"tmp\", path)\n    elif sys.version_info[0] \u003d\u003d 3:\n        import importlib.machinery\n\n        return importlib.machinery.SourceFileLoader(\"tmp\", path).load_module(\"tmp\")\n\n\ndef import_task_file():\n    \"\"\" Returns imported file.\n        Imports file from which check action was run\n    \"\"\"\n    path \u003d sys.argv[-1]\n    return import_file(path)\n\n\ndef test_is_not_empty():\n    \"\"\"\n        Checks that file is not empty\n    \"\"\"\n    path \u003d sys.argv[-1]\n    file_text \u003d get_file_text(path)\n\n    if len(file_text) \u003e 0:\n        passed()\n    else:\n        failed(\"The file is empty. Please, reload the task and try again.\")\n\n\ndef test_text_equals(text, error_text):\n    \"\"\"\n        Checks that answer equals text.\n    \"\"\"\n    path \u003d sys.argv[-1]\n    file_text \u003d get_file_text(path)\n\n    if file_text.strip() \u003d\u003d text:\n        passed()\n    else:\n        failed(error_text)\n\n\ndef test_answer_placeholders_text_deleted(error_text\u003d\"Don\u0027t just delete task text\"):\n    \"\"\"\n        Checks that all answer placeholders are not empty\n    \"\"\"\n    windows \u003d get_answer_placeholders()\n\n    for window in windows:\n        if len(window) \u003d\u003d 0:\n            failed(error_text)\n            return\n    passed()\n\n\ndef set_congratulation_message(message):\n    \"\"\" Overrides default \u0027Congratulations!\u0027 message \"\"\"\n    print(\"#educational_plugin CONGRATS_MESSAGE \" + message)\n\n\ndef failed(message\u003d\"Please, reload the task and try again.\", name\u003dNone):\n    \"\"\" Reports failure \"\"\"\n    if not name:\n        name \u003d sys._getframe().f_back.f_code.co_name\n    print(\"#educational_plugin \" + name + \" FAILED + \" + message)\n\n\ndef passed(name\u003dNone):\n    \"\"\" Reports success \"\"\"\n    if not name:\n        name \u003d sys._getframe().f_back.f_code.co_name\n    print(\"#educational_plugin \" + name + \" test OK\")\n\n\ndef get_answer_placeholders():\n    \"\"\"\n        Returns all answer placeholders text\n    \"\"\"\n    prefix \u003d \"#educational_plugin_window \u003d \"\n    path \u003d sys.argv[-1]\n    import os\n\n    file_name_without_extension \u003d os.path.splitext(path)[0]\n    windows_path \u003d file_name_without_extension + \"_windows\"\n    windows \u003d []\n    f \u003d open(windows_path, \"r\")\n    window_text \u003d \"\"\n    first \u003d True\n    for line in f.readlines():\n        if line.startswith(prefix):\n            if not first:\n                windows.append(window_text.strip())\n            else:\n                first \u003d False\n            window_text \u003d line[len(prefix):]\n        else:\n            window_text +\u003d line\n\n    if window_text:\n        windows.append(window_text.strip())\n\n    f.close()\n    return windows\n\n\ndef check_samples(samples\u003d()):\n    \"\"\"\n      Check script output for all samples. Sample is a two element list, where the first is input and\n      the second is output.\n    \"\"\"\n    for sample in samples:\n        if len(sample) \u003d\u003d 2:\n            output \u003d get_file_output(arg_string\u003dstr(sample[0]))\n            if \"\\n\".join(output) !\u003d sample[1]:\n                failed(\n                    \"Test from samples failed: \\n \\n\"\n                    \"Input:\\n{}\"\n                    \"\\n \\n\"\n                    \"Expected:\\n{}\"\n                    \"\\n \\n\"\n                    \"Your result:\\n{}\".format(str.strip(sample[0]), str.strip(sample[1]), \"\\n\".join(output)))\n                return\n        set_congratulation_message(\"All test from samples passed. Now we are checking your solution on Stepic server.\")\n\n    passed()\n\n\ndef run_common_tests(error_text\u003d\"Please, reload file and try again\"):\n    test_is_not_empty()\n    test_answer_placeholders_text_deleted()\n    test_file_importable()\n"
          },
          "task_texts": {},
          "task_type": "pycharm"
        }
      ]
    }
  ],
  "summary": "Your school has made a listing of courses that have a lot of mistakes. Your head of school was freaking out, but you told her to relax, because you would use your Python skills to find and fix the mistakes. ",
  "title": "FixCourseListing",
  "programming_language": "Python"
}